{
"meta":{"test_sets":["fold_0_test","fold_1_test","fold_2_test","fold_3_test","fold_4_test","fold_5_test","fold_6_test","fold_7_test","fold_8_test","fold_9_test"],"test_metrics":[{"best_value":"Max","name":"TotalF1"},{"best_value":"Min","name":"MultiClass"}],"learn_metrics":[{"best_value":"Max","name":"TotalF1"},{"best_value":"Min","name":"MultiClass"}],"launch_mode":"CV","parameters":"","iteration_count":2,"learn_sets":["fold_0_learn","fold_1_learn","fold_2_learn","fold_3_learn","fold_4_learn","fold_5_learn","fold_6_learn","fold_7_learn","fold_8_learn","fold_9_learn"],"name":"experiment"},
"iterations":[
{"fold_1_test":[0.6990574061,1.073588446],"fold_0_test":[0.705495358,1.073244158],"fold_2_learn":[0.7033591936,1.073311429],"fold_9_learn":[0.7034912446,1.072566333],"fold_8_learn":[0.7053436176,1.073282331],"fold_4_learn":[0.7188143137,1.073071936],"fold_7_test":[0.6943578483,1.073483872],"passed_time":14.01924099,"remaining_time":14.01924099,"fold_6_test":[0.712662323,1.073221046],"fold_5_learn":[0.7034149855,1.073205874],"fold_2_test":[0.7068258952,1.073091563],"fold_1_learn":[0.7042234946,1.073229371],"fold_8_test":[0.7012982016,1.073523136],"fold_3_test":[0.7036813477,1.07319008],"fold_3_learn":[0.7037080954,1.073279567],"fold_9_test":[0.7019964644,1.072715912],"fold_7_learn":[0.6926053807,1.073561616],"fold_4_test":[0.7181973466,1.072997313],"fold_0_learn":[0.7035081741,1.073294783],"fold_6_learn":[0.7189332166,1.073097824],"iteration":0,"fold_5_test":[0.7076382169,1.073146818]},
{"fold_1_test":[0.706769107,1.049739728],"fold_0_test":[0.7099905883,1.049020898],"fold_2_learn":[0.7037593012,1.049192443],"fold_9_learn":[0.7194613225,1.048256673],"fold_8_learn":[0.7224822721,1.049101047],"fold_4_learn":[0.7254192287,1.048644388],"fold_7_test":[0.719898062,1.049059788],"passed_time":30.48512517,"remaining_time":0,"fold_6_test":[0.70982311,1.04894935],"fold_5_learn":[0.7172068191,1.048764448],"fold_2_test":[0.7082637461,1.048823523],"fold_1_learn":[0.713617843,1.04903925],"fold_8_test":[0.7172718179,1.049540557],"fold_3_test":[0.7045722866,1.048898843],"fold_3_learn":[0.7041715658,1.049151102],"fold_9_test":[0.7192253705,1.048516502],"fold_7_learn":[0.7192864072,1.049201132],"fold_4_test":[0.7260222653,1.048494016],"fold_0_learn":[0.7075741098,1.049172247],"fold_6_learn":[0.7182597891,1.048749572],"iteration":1,"fold_5_test":[0.7206804507,1.048665077]}
]}