{
"meta":{"test_sets":["fold_0_test","fold_1_test","fold_2_test","fold_3_test","fold_4_test","fold_5_test","fold_6_test","fold_7_test","fold_8_test","fold_9_test","fold_10_test","fold_11_test"],"test_metrics":[{"best_value":"Max","name":"TotalF1:average=Micro"},{"best_value":"Min","name":"MultiClass"}],"learn_metrics":[{"best_value":"Max","name":"TotalF1:average=Micro"},{"best_value":"Min","name":"MultiClass"}],"launch_mode":"CV","parameters":"","iteration_count":4,"learn_sets":["fold_0_learn","fold_1_learn","fold_2_learn","fold_3_learn","fold_4_learn","fold_5_learn","fold_6_learn","fold_7_learn","fold_8_learn","fold_9_learn","fold_10_learn","fold_11_learn"],"name":"experiment"},
"iterations":[
{"fold_1_test":[0.7185284096,1.072785011],"fold_0_test":[0.7223961691,1.072614053],"fold_2_learn":[0.7193951876,1.073345339],"fold_9_learn":[0.7327458819,1.072570166],"fold_8_learn":[0.732930071,1.072554188],"fold_4_learn":[0.7195040271,1.073345201],"fold_7_test":[0.721370355,1.073140871],"passed_time":16.08723204,"remaining_time":48.26169612,"fold_6_test":[0.7229359488,1.073195087],"fold_5_learn":[0.7195165855,1.073344121],"fold_2_test":[0.7211401206,1.073383205],"fold_1_learn":[0.7211814989,1.072622094],"fold_11_learn":[0.7214863994,1.073235951],"fold_8_test":[0.7300147357,1.072567408],"fold_3_test":[0.7217847769,1.07318316],"fold_3_learn":[0.7193365818,1.073359766],"fold_10_test":[0.7324553325,1.072646717],"fold_9_test":[0.7321790385,1.072573955],"fold_7_learn":[0.7233427103,1.073127356],"fold_10_learn":[0.7327207652,1.072563741],"fold_11_test":[0.7210223348,1.073419521],"fold_4_test":[0.7199429019,1.073237593],"fold_0_learn":[0.7208298623,1.072650814],"fold_6_learn":[0.7232757322,1.073122658],"iteration":0,"fold_5_test":[0.7198047612,1.073267286]},
{"fold_1_test":[0.7297172852,1.048706167],"fold_0_test":[0.734644074,1.048343145],"fold_2_learn":[0.7270013898,1.049181682],"fold_9_learn":[0.732239362,1.04836564],"fold_8_learn":[0.7324151789,1.048343149],"fold_4_learn":[0.7273069774,1.049191849],"fold_7_test":[0.7253303863,1.049064696],"passed_time":33.6776643,"remaining_time":33.6776643,"fold_6_test":[0.7294746051,1.049074712],"fold_5_learn":[0.7272818607,1.049193263],"fold_2_test":[0.7313164802,1.049284672],"fold_1_learn":[0.7326892244,1.048390696],"fold_11_learn":[0.7243203871,1.049739973],"fold_8_test":[0.7292319027,1.048346696],"fold_3_test":[0.7270341207,1.04882362],"fold_3_learn":[0.7272358132,1.049222351],"fold_10_test":[0.7317185485,1.048514532],"fold_9_test":[0.7312580586,1.048426515],"fold_7_learn":[0.7283493244,1.048964723],"fold_10_learn":[0.7321933148,1.048358086],"fold_11_test":[0.7236011973,1.049960867],"fold_4_test":[0.7279550582,1.048950403],"fold_0_learn":[0.7321366527,1.048455723],"fold_6_learn":[0.7278176856,1.04897091],"iteration":1,"fold_5_test":[0.7265276051,1.048988573]},
{"fold_1_test":[0.7273690027,1.026478668],"fold_0_test":[0.7347822083,1.026024814],"fold_2_learn":[0.7284079302,1.026609262],"fold_9_learn":[0.7319212173,1.025839732],"fold_8_learn":[0.7320844758,1.025813613],"fold_4_learn":[0.728529328,1.02663104],"fold_7_test":[0.7256987613,1.026430427],"passed_time":51.9833483,"remaining_time":17.32778277,"fold_6_test":[0.7300271677,1.026566474],"fold_5_learn":[0.7287428208,1.026628362],"fold_2_test":[0.7318690427,1.026751501],"fold_1_learn":[0.7294784476,1.026130542],"fold_11_learn":[0.7244292257,1.027694723],"fold_8_test":[0.7288174618,1.025836911],"fold_3_test":[0.7293364645,1.026070031],"fold_3_learn":[0.7290567807,1.02666924],"fold_10_test":[0.7312120096,1.02607352],"fold_9_test":[0.7307054706,1.025959036],"fold_7_learn":[0.7291112004,1.026323072],"fold_10_learn":[0.7318793562,1.025832528],"fold_11_test":[0.7231867373,1.02810391],"fold_4_test":[0.7304415895,1.026244525],"fold_0_learn":[0.7322873541,1.026215395],"fold_6_learn":[0.7291112004,1.026405638],"iteration":2,"fold_5_test":[0.7282313395,1.026324432]},
{"fold_1_test":[0.7286582558,1.005339712],"fold_0_test":[0.7333548209,1.004822731],"fold_2_learn":[0.7295800472,1.005535499],"fold_9_learn":[0.7319002867,1.004682956],"fold_8_learn":[0.732092848,1.00463597],"fold_4_learn":[0.7297140034,1.005556098],"fold_7_test":[0.7268499332,1.005583576],"passed_time":69.28055663,"remaining_time":0,"fold_6_test":[0.7312243864,1.005687645],"fold_5_learn":[0.7295507443,1.005713616],"fold_2_test":[0.7328360271,1.00567064],"fold_1_learn":[0.7302696299,1.004883328],"fold_11_learn":[0.7272297246,1.006550189],"fold_8_test":[0.7285411678,1.004745011],"fold_3_test":[0.7308560114,1.004847786],"fold_3_learn":[0.7297977261,1.005604008],"fold_10_test":[0.7303831276,1.004915798],"fold_9_test":[0.7305212746,1.004834728],"fold_7_learn":[0.7304968102,1.005420675],"fold_10_learn":[0.7319714507,1.004674963],"fold_11_test":[0.7249827308,1.00706382],"fold_4_test":[0.7313625271,1.005047239],"fold_0_learn":[0.7298049673,1.004983697],"fold_6_learn":[0.7296219085,1.005483806],"iteration":3,"fold_5_test":[0.7291983239,1.005327025]}
]}