{
"meta":{"test_sets":["fold_0_test","fold_1_test","fold_2_test","fold_3_test","fold_4_test","fold_5_test","fold_6_test","fold_7_test","fold_8_test","fold_9_test","fold_10_test","fold_11_test"],"test_metrics":[{"best_value":"Max","name":"TotalF1:average=Micro"},{"best_value":"Min","name":"MultiClass"}],"learn_metrics":[{"best_value":"Max","name":"TotalF1:average=Micro"},{"best_value":"Min","name":"MultiClass"}],"launch_mode":"CV","parameters":"","iteration_count":4000,"learn_sets":["fold_0_learn","fold_1_learn","fold_2_learn","fold_3_learn","fold_4_learn","fold_5_learn","fold_6_learn","fold_7_learn","fold_8_learn","fold_9_learn","fold_10_learn","fold_11_learn"],"name":"experiment"},
"iterations":[
{"fold_1_test":[0.7289345244,1.072620638],"fold_0_test":[0.7223501243,1.072679921],"fold_2_learn":[0.727767452,1.072586062],"fold_9_learn":[0.7148125667,1.072596939],"fold_8_learn":[0.7145823304,1.072601131],"fold_4_learn":[0.727863733,1.072587185],"fold_7_test":[0.7200810425,1.072655871],"passed_time":27.86184533,"remaining_time":111419.5195,"fold_6_test":[0.7261131832,1.072593756],"fold_5_learn":[0.727863733,1.072588844],"fold_2_test":[0.730257402,1.072618842],"fold_1_learn":[0.7307175479,1.072480874],"fold_11_learn":[0.7262501779,1.072571517],"fold_8_test":[0.7162000368,1.072546085],"fold_3_test":[0.7288759958,1.07242538],"fold_3_learn":[0.7278972221,1.072599729],"fold_10_test":[0.7135291951,1.072738243],"fold_9_test":[0.7136673421,1.072681333],"fold_7_learn":[0.7233301519,1.072593052],"fold_10_learn":[0.7148251251,1.072590367],"fold_11_test":[0.7264103155,1.072679526],"fold_4_test":[0.7291983239,1.07244939],"fold_0_learn":[0.7195949482,1.07272828],"fold_6_learn":[0.7227817686,1.072611395],"iteration":0,"fold_5_test":[0.729152277,1.07248602]}
]}