iter	TotalF1:average=Micro	MultiClass
0	0.7232757322	1.07312265811	0.7278176856	1.0489709122	0.7291112004	1.02640563833	0.7296219085	1.005483806

