iter	TotalF1:average=Micro	TotalF1:average=Micro	TotalF1:average=Micro	TotalF1:average=Micro	TotalF1:average=Micro	TotalF1:average=Micro	TotalF1:average=Micro	TotalF1:average=Micro	TotalF1:average=Micro	TotalF1:average=Micro	TotalF1:average=Micro	TotalF1:average=Micro	MultiClass	MultiClass	MultiClass	MultiClass	MultiClass	MultiClass	MultiClass	MultiClass	MultiClass	MultiClass	MultiClass	MultiClass
0	0.7223961691	0.7185284096	0.7211401206	0.7217847769	0.7199429019	0.7198047612	0.7229359488	0.721370355	0.7300147357	0.7321790385	0.7324553325	0.7210223348	1.072614053	1.072785011	1.073383205	1.07318316	1.073237593	1.073267286	1.073195087	1.073140871	1.072567408	1.072573955	1.072646717	1.073419521
1	0.734644074	0.7297172852	0.7313164802	0.7270341207	0.7279550582	0.7265276051	0.7294746051	0.7253303863	0.7292319027	0.7312580586	0.7317185485	0.7236011973	1.048343145	1.048706167	1.049284672	1.04882362	1.048950403	1.048988573	1.049074712	1.049064696	1.048346696	1.048426515	1.048514532	1.049960867
2	0.7347822083	0.7273690027	0.7318690427	0.7293364645	0.7304415895	0.7282313395	0.7300271677	0.7256987613	0.7288174618	0.7307054706	0.7312120096	0.7231867373	1.026024814	1.026478668	1.026751501	1.026070031	1.026244525	1.026324432	1.026566474	1.026430427	1.025836911	1.025959036	1.02607352	1.02810391
3	0.7333548209	0.7286582558	0.7328360271	0.7308560114	0.7313625271	0.7291983239	0.7312243864	0.7268499332	0.7285411678	0.7305212746	0.7303831276	0.7249827308	1.004822731	1.005339712	1.00567064	1.004847786	1.005047239	1.005327025	1.005687645	1.005583576	1.004745011	1.004834728	1.004915798	1.00706382
