iter	TotalF1	MultiClass
0	0.7189332166	1.073097824
1	0.7182597891	1.048749572
