iter	TotalF1	TotalF1	TotalF1	TotalF1	TotalF1	TotalF1	TotalF1	TotalF1	TotalF1	TotalF1	MultiClass	MultiClass	MultiClass	MultiClass	MultiClass	MultiClass	MultiClass	MultiClass	MultiClass	MultiClass
0	0.705495358	0.6990574061	0.7068258952	0.7036813477	0.7181973466	0.7076382169	0.712662323	0.6943578483	0.7012982016	0.7019964644	1.073244158	1.073588446	1.073091563	1.07319008	1.072997313	1.073146818	1.073221046	1.073483872	1.073523136	1.072715912
1	0.7099905883	0.706769107	0.7082637461	0.7045722866	0.7260222653	0.7206804507	0.70982311	0.719898062	0.7172718179	0.7192253705	1.049020898	1.049739728	1.048823523	1.048898843	1.048494016	1.048665077	1.04894935	1.049059788	1.049540557	1.048516502
