iter	TotalF1:average=Micro	TotalF1:average=Micro	TotalF1:average=Micro	TotalF1:average=Micro	TotalF1:average=Micro	TotalF1:average=Micro	TotalF1:average=Micro	TotalF1:average=Micro	TotalF1:average=Micro	TotalF1:average=Micro	TotalF1:average=Micro	TotalF1:average=Micro	MultiClass	MultiClass	MultiClass	MultiClass	MultiClass	MultiClass	MultiClass	MultiClass	MultiClass	MultiClass	MultiClass	MultiClass
0	0.7223501243	0.7289345244	0.730257402	0.7288759958	0.7291983239	0.729152277	0.7261131832	0.7200810425	0.7162000368	0.7136673421	0.7135291951	0.7264103155	1.072679921	1.072620638	1.072618842	1.07242538	1.07244939	1.07248602	1.072593756	1.072655871	1.072546085	1.072681333	1.072738243	1.072679526
