{"target": 0.7616471152834927, "params": {"peso_baseline": 3.353088965342895 , "peso_catboost":1.0052309329869793 , "peso_lgbm":1.3465747679887474 , "peso_short1": 4.237636212714062}, "datetime": {"datetime": "2021-07-29 08:14:10", "elapsed": 0.0, "delta": 0.0}}
