{"target": 0.7607952364207503, "params": {"peso_baseline": 4.237636212714062, "peso_catboost": 1.0052309329869793, "peso_lgbm": 1.3465747679887474, "peso_short1": 3.353088965342895}, "datetime": {"datetime": "2021-07-29 15:36:57", "elapsed": 0.0, "delta": 0.0}}
